<Employees>
  <Employees>
    <SerialNumber>1</SerialNumber>
    <Prefix>mr</Prefix>
    <FirstName>KULBHUSHAN</FirstName>
    <MiddleName>SKDJFN</MiddleName>
    <LastName>LEMD</LastName>
    <CurrentAddress>street9</CurrentAddress>
    <DOB>2024-04-18T00:00:00</DOB>
    <Education />
    <CurrentCompany>ANWD</CurrentCompany>
    <JoiningDate>2024-04-19T00:00:00</JoiningDate>
  </Employees>
  <Employees>
    <SerialNumber>3</SerialNumber>
    <Prefix>MR</Prefix>
    <FirstName>RAGHU</FirstName>
    <MiddleName>kuamr</MiddleName>
    <LastName>SINGH</LastName>
    <CurrentAddress>SDEN</CurrentAddress>
    <DOB>2024-04-20T00:00:00</DOB>
    <Education />
    <CurrentCompany>LEDN</CurrentCompany>
    <JoiningDate>2024-04-13T00:00:00</JoiningDate>
  </Employees>
</Employees>